,0,2,3,sidx,idx_strs,x,y,pargp9,parval1_9,9
0,0,0,15,"(0, 0, 15)",idx0:0_idx1:0_idx2:15,3875.0,9875.0,sfrcondgr,1.0,1.094169671504481744506165341590531170368194580078125000000000000000000000000
1,1,1,15,"(1, 1, 15)",idx0:1_idx1:1_idx2:15,3875.0,9625.0,sfrcondgr,1.0,1.129139580838006695628905617923010140657424926757812500000000000000000000000
2,2,2,15,"(2, 2, 15)",idx0:2_idx1:2_idx2:15,3875.0,9375.0,sfrcondgr,1.0,0.967288980635279349584720876009669154882431030273437500000000000000000000000
3,3,3,15,"(3, 3, 15)",idx0:3_idx1:3_idx2:15,3875.0,9125.0,sfrcondgr,1.0,1.120290040554073218714847826049663126468658447265625000000000000000000000000
4,4,4,15,"(4, 4, 15)",idx0:4_idx1:4_idx2:15,3875.0,8875.0,sfrcondgr,1.0,1.060928830405573064510349468037020415067672729492187500000000000000000000000
5,5,5,15,"(5, 5, 15)",idx0:5_idx1:5_idx2:15,3875.0,8625.0,sfrcondgr,1.0,0.966375461068882501969312670553335919976234436035156250000000000000000000000
6,6,6,15,"(6, 6, 15)",idx0:6_idx1:6_idx2:15,3875.0,8375.0,sfrcondgr,1.0,1.056340907307447896101848527905531227588653564453125000000000000000000000000
7,7,7,15,"(7, 7, 15)",idx0:7_idx1:7_idx2:15,3875.0,8125.0,sfrcondgr,1.0,1.160032784303930419866901502246037125587463378906250000000000000000000000000
8,8,8,15,"(8, 8, 15)",idx0:8_idx1:8_idx2:15,3875.0,7875.0,sfrcondgr,1.0,1.217083464937428249896811394137330353260040283203125000000000000000000000000
9,9,9,15,"(9, 9, 15)",idx0:9_idx1:9_idx2:15,3875.0,7625.0,sfrcondgr,1.0,1.272766211461918262060066808771807700395584106445312500000000000000000000000
10,10,10,15,"(10, 10, 15)",idx0:10_idx1:10_idx2:15,3875.0,7375.0,sfrcondgr,1.0,1.01329737767712946272524732194142416119575500488281250000000000000000000000000
11,11,11,15,"(11, 11, 15)",idx0:11_idx1:11_idx2:15,3875.0,7125.0,sfrcondgr,1.0,0.98622416848858307503178366459906101226806640625000000000000000000000000000000
12,12,12,15,"(12, 12, 15)",idx0:12_idx1:12_idx2:15,3875.0,6875.0,sfrcondgr,1.0,0.80254063219675353391124872359796427190303802490234375000000000000000000000000
13,13,13,15,"(13, 13, 15)",idx0:13_idx1:13_idx2:15,3875.0,6625.0,sfrcondgr,1.0,0.89524422558520644344071115483529865741729736328125000000000000000000000000000
14,14,14,15,"(14, 14, 15)",idx0:14_idx1:14_idx2:15,3875.0,6375.0,sfrcondgr,1.0,0.86054365354820838707183838778291828930377960205078125000000000000000000000000
15,15,15,15,"(15, 15, 15)",idx0:15_idx1:15_idx2:15,3875.0,6125.0,sfrcondgr,1.0,0.81300695459239480378244024905143305659294128417968750000000000000000000000000
16,16,16,15,"(16, 16, 15)",idx0:16_idx1:16_idx2:15,3875.0,5875.0,sfrcondgr,1.0,0.81507767966618538402201465942198410630226135253906250000000000000000000000000
17,17,17,15,"(17, 17, 15)",idx0:17_idx1:17_idx2:15,3875.0,5625.0,sfrcondgr,1.0,0.98635215873806558750658268763800151646137237548828125000000000000000000000000
18,18,18,15,"(18, 18, 15)",idx0:18_idx1:18_idx2:15,3875.0,5375.0,sfrcondgr,1.0,0.93767659236287870250237119762459769845008850097656250000000000000000000000000
19,19,19,15,"(19, 19, 15)",idx0:19_idx1:19_idx2:15,3875.0,5125.0,sfrcondgr,1.0,1.01303263531451914758463317411951720714569091796875000000000000000000000000000
20,20,20,15,"(20, 20, 15)",idx0:20_idx1:20_idx2:15,3875.0,4875.0,sfrcondgr,1.0,1.02757209584978226324381012091180309653282165527343750000000000000000000000000
21,21,21,15,"(21, 21, 15)",idx0:21_idx1:21_idx2:15,3875.0,4625.0,sfrcondgr,1.0,0.99566630402570199809275663938024081289768218994140625000000000000000000000000
22,22,22,15,"(22, 22, 15)",idx0:22_idx1:22_idx2:15,3875.0,4375.0,sfrcondgr,1.0,0.91770453854257771908464746957179158926010131835937500000000000000000000000000
23,23,23,15,"(23, 23, 15)",idx0:23_idx1:23_idx2:15,3875.0,4125.0,sfrcondgr,1.0,0.97368479482809389136122035779408179223537445068359375000000000000000000000000
24,24,24,15,"(24, 24, 15)",idx0:24_idx1:24_idx2:15,3875.0,3875.0,sfrcondgr,1.0,0.95771155290241249957716718199662864208221435546875000000000000000000000000000
25,25,25,15,"(25, 25, 15)",idx0:25_idx1:25_idx2:15,3875.0,3625.0,sfrcondgr,1.0,0.86376569490792187711036831387900747358798980712890625000000000000000000000000
26,26,26,15,"(26, 26, 15)",idx0:26_idx1:26_idx2:15,3875.0,3375.0,sfrcondgr,1.0,1.13651406183295788920872837479691952466964721679687500000000000000000000000000
27,27,27,15,"(27, 27, 15)",idx0:27_idx1:27_idx2:15,3875.0,3125.0,sfrcondgr,1.0,1.17879667509231977895467480266233906149864196777343750000000000000000000000000
28,28,28,15,"(28, 28, 15)",idx0:28_idx1:28_idx2:15,3875.0,2875.0,sfrcondgr,1.0,1.28817587746380390889555656031006947159767150878906250000000000000000000000000
29,29,29,15,"(29, 29, 15)",idx0:29_idx1:29_idx2:15,3875.0,2625.0,sfrcondgr,1.0,1.28395912380450738510262453928589820861816406250000000000000000000000000000000
30,30,30,15,"(30, 30, 15)",idx0:30_idx1:30_idx2:15,3875.0,2375.0,sfrcondgr,1.0,1.27632111647662949138748444966040551662445068359375000000000000000000000000000
31,31,31,15,"(31, 31, 15)",idx0:31_idx1:31_idx2:15,3875.0,2125.0,sfrcondgr,1.0,1.06413030342941450356875066063366830348968505859375000000000000000000000000000
32,32,32,15,"(32, 32, 15)",idx0:32_idx1:32_idx2:15,3875.0,1875.0,sfrcondgr,1.0,1.09192598456808043216881287662545219063758850097656250000000000000000000000000
33,33,33,15,"(33, 33, 15)",idx0:33_idx1:33_idx2:15,3875.0,1625.0,sfrcondgr,1.0,1.14373978046708923983487693476490676403045654296875000000000000000000000000000
34,34,34,15,"(34, 34, 15)",idx0:34_idx1:34_idx2:15,3875.0,1375.0,sfrcondgr,1.0,1.03798713390847474613565282197669148445129394531250000000000000000000000000000
35,35,35,15,"(35, 35, 15)",idx0:35_idx1:35_idx2:15,3875.0,1125.0,sfrcondgr,1.0,0.94519534996784193570107390769408084452152252197265625000000000000000000000000
36,36,36,15,"(36, 36, 15)",idx0:36_idx1:36_idx2:15,3875.0,875.0,sfrcondgr,1.0,1.08073773573306475270783266751095652580261230468750000000000000000000000000000
37,37,37,15,"(37, 37, 15)",idx0:37_idx1:37_idx2:15,3875.0,625.0,sfrcondgr,1.0,1.07072154444563150121894068433903157711029052734375000000000000000000000000000
38,38,38,15,"(38, 38, 15)",idx0:38_idx1:38_idx2:15,3875.0,375.0,sfrcondgr,1.0,1.02097340977004047424259169929428026080131530761718750000000000000000000000000
39,39,39,15,"(39, 39, 15)",idx0:39_idx1:39_idx2:15,3875.0,125.0,sfrcondgr,1.0,0.95068769180219181436086728353984653949737548828125000000000000000000000000000
