time,TRGW-0-2-15,TRGW-0-2-9,TRGW-0-3-8,TRGW-0-9-1,TRGW-0-13-10,TRGW-0-15-16,TRGW-0-21-10,TRGW-0-22-15,TRGW-0-24-4,TRGW-0-26-6,TRGW-0-29-15,TRGW-0-33-7,TRGW-0-34-10
3652.5,0.0,0.0,0.0,0.0,0.0,0.0,0.0,0.0,0.0,0.0,0.0,0.0,0.0
3683.5,0.012339990000000967,0.02189362000000017,0.021230619999997202,0.019347789999997644,-0.012214900000003581,-0.007395299999998883,-0.01160173000000242,-0.01520936000000006,-6.67199999995205e-05,-0.029780160000001388,-0.0019325799999947435,-0.014044239999996933,-0.04752262000000229
3712.5,0.06748887999999909,0.12353565000000089,0.12404391999999831,0.13199322999999907,0.051590949999997804,0.03749854000000141,0.055002710000003674,0.02400136999999347,0.07596052999999614,0.020167339999993317,0.03440036000000646,0.03607570999999865,0.01036906000000215
3743.5,0.1287862300000029,0.2542818800000006,0.2590941599999965,0.29323334000000045,0.13961906000000113,0.09388924000000287,0.13174957000000376,0.06671602999999493,0.18352626999999444,0.10406174999999962,0.07237028000000123,0.10817004000000452,0.05384407999999752
3773.5,0.17655148000000054,0.3728612600000005,0.3836334699999995,0.4550242499999939,0.21662681999999478,0.13856258000000565,0.2072538700000024,0.1060638199999957,0.28952426999999403,0.19224797999999765,0.10694462000000016,0.1790853700000028,0.11904780999999787
3804.5,0.1914402399999986,0.4368156499999998,0.4539274099999986,0.566328679999998,0.257731960000001,0.15589413000000008,0.23701916000000267,0.1194730499999963,0.35368777999999423,0.2518868499999982,0.11704557000000193,0.22178090999999966,0.14968597000000017
3834.5,0.16072753000000262,0.41205648999999767,0.4332950299999965,0.5779798199999959,0.22228135999999665,0.1240419000000017,0.2025771400000025,0.09649164999999726,0.33852076999999525,0.242044369999995,0.09614811000000145,0.20409307999999982,0.13419592000000335
3865.5,0.09376450999999975,0.3072365000000019,0.32900386000000026,0.4924496399999967,0.10602696000000122,0.039652740000001074,0.08372486999999751,0.016587649999998177,0.22368245999999914,0.11528366999999662,0.03742941000000144,0.09697023000000371,0.029809980000003122
3896.5,-0.01537265999999704,0.10855119000000002,0.1262526699999995,0.2890808099999944,-0.10645912000000379,-0.1023321199999998,-0.11856430999999645,-0.1014745700000006,0.006931559999998171,-0.09694421000000375,-0.05868893999999614,-0.0834387799999945,-0.14069614000000286
3926.5,-0.1167524499999999,-0.10841725000000224,-0.098499529999998,0.03642991999999623,-0.29568009999999845,-0.2193915000000004,-0.30822464999999966,-0.19464102000000594,-0.23222957000000122,-0.3161841500000051,-0.14661345999999753,-0.2625406599999991,-0.27284233999999685
3957.5,-0.193045699999999,-0.302835469999998,-0.30319029999999714,-0.22276744000000548,-0.43535436000000516,-0.30165401000000003,-0.4534048900000016,-0.267491040000003,-0.4432271700000001,-0.4890873900000017,-0.21087378999999373,-0.40894927999999453,-0.38322027000000247
3987.5,-0.22330971000000233,-0.41799593000000357,-0.4286205200000026,-0.41586543000000376,-0.5243478200000027,-0.3442401499999974,-0.6018437099999971,-0.32264207000000056,-1.6860773300000034,-0.8568675700000057,-0.2521165999999937,-0.5431666100000001,-0.48397699000000216
4018.5,-0.2125837199999978,-0.45078254999999956,-0.47002325999999783,-0.5304502700000029,-0.5493216899999993,-0.3464677199999997,-0.6868331800000007,-0.3460788100000016,-1.8771850600000022,-1.0456915300000063,-0.2620449199999939,-0.6133077599999979,-0.5031570100000025
4049.5,-0.164989300000002,-0.39692338000000404,-0.42089010000000115,-0.5467288700000026,-0.4807050100000012,-0.2997911699999989,-0.6679500999999988,-0.3224039900000051,-1.9187255699999994,-1.080680870000002,-0.23418099999999953,-0.6109812300000002,-0.47790127999999754
4077.5,-0.08155270999999686,-0.2611492600000034,-0.2856660400000024,-0.4564996500000049,-0.3434243600000002,-0.20107463999999453,-0.559198379999998,-0.23571356000000065,-2.004152700000006,-1.0386645400000063,-0.17351972999999532,-0.5393177300000005,-0.3971380400000015
4108.5,0.01255695999999773,-0.08058293999999933,-0.10129450000000162,-0.2955119200000027,-0.17268751000000293,-0.08376807999999869,-0.3910604499999977,-0.13382690000000252,-1.5687686600000035,-0.847911510000003,-0.09649670999999671,-0.4105658999999946,-0.2687941200000026
4138.5,0.0717627599999986,0.055998739999999714,0.0413981000000021,-0.15442421000000195,-0.03497678000000093,0.0003297599999996237,-0.2565720599999963,-0.06057522000000404,-1.3944584800000044,-0.6864523500000033,-0.0424767399999979,-0.3023613199999957,-0.18052795999999915
4169.5,0.10584333999999984,0.15402894999999717,0.1457690499999984,-0.03562340999999947,0.040887499999996635,0.045612220000002424,-0.18255437999999913,-0.019640610000003278,-1.4676004300000045,-0.6223272800000004,-0.01582289999999631,-0.2392426799999967,-0.15544009999999986
4199.5,0.09032241999999968,0.16318345999999906,0.15952133999999774,-0.0019218999999992548,0.020605150000001515,0.02309584000000342,-0.2070311800000013,-0.04092001000000067,-1.5697640500000034,-0.6541465600000009,-0.028944019999997295,-0.24769107999999562,-0.16447557000000046
4230.5,0.02256358999999719,0.06375274999999903,0.061330009999998936,-0.09021587000000153,-0.0900290599999991,-0.06142898999999602,-0.3393986800000022,-0.12642687000000308,-1.7437293999999994,-0.7898596100000006,-0.09123314999999366,-0.3534164699999991,-0.27756452999999937
4261.5,-0.07336451999999838,-0.11167893000000362,-0.11744768999999877,-0.2797001500000036,-0.2664484000000016,-0.18439863999999773,-0.5331552600000009,-0.2442938300000037,-1.9795644200000027,-0.9981369500000028,-0.17972487999999487,-0.5233304799999985,-0.43089152000000297
4291.5,-0.1725135499999979,-0.31661787000000174,-0.3296225500000034,-0.5222615700000048,-0.4673669700000005,-0.31290242000000035,-0.7291840600000015,-0.35255270000000394,-2.0418395100000026,-1.1919820700000017,-0.2692828499999962,-0.6967569599999948,-0.563189770000001
4322.5,-0.2509433199999975,-0.5065673400000037,-0.5295344900000032,-0.773480830000004,-0.6336417899999987,-0.4114849599999957,-0.8946119100000018,-0.4303836800000056,-2.4218968900000064,-1.4292603400000061,-0.3408579599999939,-0.8657474500000006,-0.6824543099999971
4352.5,-0.28318672999999706,-0.6214483600000023,-0.6541086699999994,-0.9599186200000034,-0.710457550000001,-0.4504060399999972,-0.9855334499999984,-0.46967797000000644,-2.5158360300000027,-1.5674144500000011,-0.3762329399999942,-0.9733017399999966,-0.7575222299999993
4383.5,-0.2434980600000003,-0.602893739999999,-0.6427015000000011,-1.010084820000003,-0.6575181800000038,-0.4026086499999977,-0.9469417899999968,-0.43515658000000457,-2.51857124,-1.5506694900000042,-0.3508900299999951,-0.9610738399999974,-0.7468065899999985
